{"_wandb":{"runtime":3},"validation accuracy":0.9795918367346939,"_timestamp":1.745938258765885e+09,"_runtime":3.3554376,"_step":0}