{"_wandb":{"runtime":2},"validation accuracy":0.9693877551020408,"_timestamp":1.7459384049462948e+09,"_runtime":2.2894988,"_step":0}