{"_timestamp":1.7458665683862135e+09,"_runtime":1.2188187,"_step":0,"_wandb":{"runtime":1},"val_accuracy":0.9795918367346939}