{"_step":0,"_wandb":{"runtime":1},"val_accuracy":0.9693877551020408,"_timestamp":1.7458668907678418e+09,"_runtime":1.4121985000000001}