{"_runtime":1.2462029000000001,"_wandb":{"runtime":1},"_step":0,"val_accuracy":0.9897959183673469,"_timestamp":1.7458661770952175e+09}