{"_runtime":1.3703855,"_step":0,"_wandb":{"runtime":1},"val_accuracy":0.9693877551020408,"_timestamp":1.7458658974657109e+09}