{"validation accuracy":0.9795918367346939,"_timestamp":1.74593968874025e+09,"_runtime":1.3887648000000001,"_step":0,"_wandb":{"runtime":1}}