{"_timestamp":1.745865779982502e+09,"_runtime":1.1320402,"_step":0,"_wandb":{"runtime":1},"val_accuracy":0.9795918367346939}