{"_wandb":{"runtime":1},"validation accuracy":0.9693877551020408,"_timestamp":1.7459392328682518e+09,"_runtime":1.9870982000000001,"_step":0}