{"_wandb":{"runtime":1},"validation accuracy":0.9795918367346939,"_timestamp":1.7459399585114105e+09,"_runtime":1.3692636999999999,"_step":0}