{"validation accuracy":0.9795918367346939,"_timestamp":1.7459392607307427e+09,"_runtime":2.0495205,"_wandb":{"runtime":2},"_step":0}