{"_wandb":{"runtime":2},"validation accuracy":0.9693877551020408,"_timestamp":1.7459384374497645e+09,"_runtime":2.5454487,"_step":0}