{"validation accuracy":0.9795918367346939,"_wandb":{"runtime":1},"_timestamp":1.7459386564651337e+09,"_runtime":1.0794475000000001,"_step":0}