{"_wandb":{"runtime":2},"validation accuracy":0.9693877551020408,"_timestamp":1.7459392661724765e+09,"_runtime":2.0219715,"_step":0}