{"_step":0,"val_accuracy":0.9693877551020408,"_timestamp":1.7458660809745188e+09,"_runtime":2.2574666,"_wandb":{"runtime":2}}