{"_timestamp":1.7459390131945786e+09,"_wandb":{"runtime":2},"_runtime":2.7985557,"_step":0,"validation accuracy":0.9693877551020408}