{"_timestamp":1.7458658553529458e+09,"_wandb":{"runtime":1},"_runtime":1.3464494,"_step":0,"val_accuracy":0.9897959183673469}