{"_wandb":{"runtime":1},"validation accuracy":0.9795918367346939,"_timestamp":1.745939682621944e+09,"_runtime":1.8578538,"_step":0}