{"validation accuracy":0.9795918367346939,"_wandb":{"runtime":2},"_timestamp":1.7459385435791478e+09,"_runtime":2.7446516,"_step":0}