{"_runtime":2.0700742,"_step":0,"_wandb":{"runtime":2},"val_accuracy":0.9795918367346939,"_timestamp":1.745866923335174e+09}