{"val_accuracy":0.9795918367346939,"_timestamp":1.7458663766365075e+09,"_runtime":2.5164475,"_step":0,"_wandb":{"runtime":2}}