{"val_accuracy":0.9693877551020408,"_wandb":{"runtime":1},"_timestamp":1.745865994115628e+09,"_runtime":0.9633577,"_step":0}