{"_runtime":2.8536713000000002,"_step":0,"validation accuracy":0.9795918367346939,"_wandb":{"runtime":2},"_timestamp":1.7459402999680269e+09}