{"validation accuracy":0.9795918367346939,"_wandb":{"runtime":1},"_timestamp":1.745939711218009e+09,"_runtime":1.976683,"_step":0}