{"_timestamp":1.7459392162386522e+09,"_runtime":1.3508301,"_step":0,"_wandb":{"runtime":1},"validation accuracy":0.9693877551020408}