{"_step":0,"_wandb":{"runtime":1},"validation accuracy":0.9897959183673469,"_timestamp":1.745939978887082e+09,"_runtime":1.2988044}