{"val_accuracy":0.9693877551020408,"_wandb":{"runtime":2},"_timestamp":1.7458665370685475e+09,"_runtime":2.167007,"_step":0}