{"_wandb":{"runtime":1},"val_accuracy":0.9795918367346939,"_timestamp":1.7458667393617885e+09,"_runtime":1.188009,"_step":0}