{"_runtime":1.0541909,"_step":0,"_wandb":{"runtime":1},"val_accuracy":0.9795918367346939,"_timestamp":1.7458672658133526e+09}