{"_wandb":{"runtime":1},"val_accuracy":0.9693877551020408,"_timestamp":1.7458666002207508e+09,"_runtime":1.2834885,"_step":0}