{"_wandb":{"runtime":1},"_runtime":1.1961087,"_step":0,"val_accuracy":0.9795918367346939,"_timestamp":1.7458672018649442e+09}