{"_runtime":2.2994906999999998,"_step":0,"validation accuracy":0.9897959183673469,"_wandb":{"runtime":2},"_timestamp":1.74594015319313e+09}