{"_wandb":{"runtime":2},"validation accuracy":0.9795918367346939,"_timestamp":1.7459386302534075e+09,"_runtime":2.3025982,"_step":0}