{"val_accuracy":0.9795918367346939,"_timestamp":1.74586611248114e+09,"_runtime":1.0180363,"_step":0,"_wandb":{"runtime":1}}