{"_runtime":1.5282268,"_step":0,"val_accuracy":0.9693877551020408,"_timestamp":1.7458658117802944e+09,"_wandb":{"runtime":1}}