{"validation accuracy":0.9693877551020408,"_timestamp":1.7459400385226817e+09,"_runtime":2.6954671,"_step":0,"_wandb":{"runtime":2}}