{"_runtime":1.7470088000000001,"_step":0,"_wandb":{"runtime":1},"validation accuracy":0.9897959183673469,"_timestamp":1.7459392934095938e+09}