{"_wandb":{"runtime":1},"validation accuracy":0.9795918367346939,"_timestamp":1.7459391742817495e+09,"_runtime":1.944722,"_step":0}