{"_wandb":{"runtime":1},"val_accuracy":0.9795918367346939,"_timestamp":1.7458678691610901e+09,"_runtime":1.2161049,"_step":0}