{"_runtime":3.0076443,"_step":0,"_wandb":{"runtime":3},"validation accuracy":0.9693877551020408,"_timestamp":1.7459392725345922e+09}