{"_wandb":{"runtime":1},"validation accuracy":0.9795918367346939,"_timestamp":1.7459395290924594e+09,"_runtime":1.8980244,"_step":0}