{"_wandb":{"runtime":1},"_timestamp":1.745865801344559e+09,"_runtime":1.3344014,"_step":0,"val_accuracy":0.9693877551020408}