{"_runtime":2.2404767,"_step":0,"_wandb":{"runtime":2},"validation accuracy":0.9693877551020408,"_timestamp":1.7459390392427685e+09}