{"_step":0,"_wandb":{"runtime":1},"val_accuracy":0.9795918367346939,"_timestamp":1.745867450412774e+09,"_runtime":1.0157684}