{"val_accuracy":0.9795918367346939,"_timestamp":1.745867362956188e+09,"_runtime":1.0997113,"_step":0,"_wandb":{"runtime":1}}