{"_timestamp":1.7459396095678256e+09,"_runtime":2.4814152,"_step":0,"_wandb":{"runtime":2},"validation accuracy":0.9693877551020408}