{"_wandb":{"runtime":2},"validation accuracy":0.9795918367346939,"_timestamp":1.7459402519673738e+09,"_runtime":2.8028774,"_step":0}