{"val_accuracy":0.9693877551020408,"_wandb":{"runtime":2},"_timestamp":1.7458669120996325e+09,"_runtime":2.1473927,"_step":0}