{"_timestamp":1.745939421677065e+09,"_runtime":2.4909544,"_wandb":{"runtime":2},"_step":0,"validation accuracy":0.9693877551020408}