{"val_accuracy":0.9693877551020408,"_timestamp":1.745866943704959e+09,"_runtime":0.9715816,"_step":0,"_wandb":{"runtime":1}}