{"_runtime":1.3229134,"_step":0,"validation accuracy":0.9795918367346939,"_wandb":{"runtime":1},"_timestamp":1.7459386783848941e+09}