{"_wandb":{"runtime":1},"val_accuracy":0.9795918367346939,"_timestamp":1.7458663967594998e+09,"_runtime":1.0620941,"_step":0}