{"_runtime":1.1402695,"_step":0,"val_accuracy":0.9693877551020408,"_timestamp":1.7458674828142536e+09,"_wandb":{"runtime":1}}