{"_step":0,"_wandb":{"runtime":2},"val_accuracy":0.9693877551020408,"_timestamp":1.7458658666081786e+09,"_runtime":1.9140354}