{"_step":0,"_wandb":{"runtime":2},"validation accuracy":1,"_timestamp":1.7459389369115813e+09,"_runtime":2.5884681}