{"_runtime":1.291213,"_step":0,"val_accuracy":0.9795918367346939,"_timestamp":1.7458660054560466e+09,"_wandb":{"runtime":1}}