{"_timestamp":1.7459392113703861e+09,"_runtime":2.8796634,"_step":0,"_wandb":{"runtime":2},"validation accuracy":0.9693877551020408}