{"_timestamp":1.745939577950424e+09,"_runtime":3.3071848,"_step":0,"_wandb":{"runtime":3},"validation accuracy":0.9693877551020408}