{"_wandb":{"runtime":1},"val_accuracy":0.9795918367346939,"_timestamp":1.7458676007705252e+09,"_runtime":1.3794797,"_step":0}