{"_timestamp":1.745939810513831e+09,"_wandb":{"runtime":4},"_runtime":4.7063312,"_step":0,"validation accuracy":0.9693877551020408}