{"_timestamp":1.7458672229547634e+09,"_runtime":0.9333409,"_step":0,"_wandb":{"runtime":1},"val_accuracy":1}