{"_timestamp":1.7458674062815797e+09,"_runtime":1.8328518,"_step":0,"_wandb":{"runtime":2},"val_accuracy":0.9795918367346939}