{"val_accuracy":0.9795918367346939,"_timestamp":1.7458669649804916e+09,"_wandb":{"runtime":1},"_runtime":1.2808613,"_step":0}