{"_timestamp":1.7458660599540863e+09,"_runtime":2.10628,"_step":0,"_wandb":{"runtime":2},"val_accuracy":0.9693877551020408}