{"_wandb":{"runtime":1},"val_accuracy":0.9693877551020408,"_timestamp":1.7458678257300873e+09,"_runtime":1.261817,"_step":0}