{"_step":0,"val_accuracy":0.9693877551020408,"_timestamp":1.7458669331430006e+09,"_runtime":1.4099650000000001,"_wandb":{"runtime":1}}