{"val_accuracy":0.9795918367346939,"_timestamp":1.7458657158595831e+09,"_runtime":0.9337821,"_step":0,"_wandb":{"runtime":1}}