{"_step":0,"validation accuracy":0.9795918367346939,"_wandb":{"runtime":2},"_timestamp":1.7459383981900537e+09,"_runtime":2.6427138}