{"_runtime":1.3734106,"_step":0,"_wandb":{"runtime":1},"val_accuracy":0.9795918367346939,"_timestamp":1.7458670617912169e+09}