{"_wandb":{"runtime":3},"_timestamp":1.7459386728486838e+09,"_runtime":3.2436236,"_step":0,"validation accuracy":0.9897959183673469}