{"_runtime":2.6364527,"_step":0,"_wandb":{"runtime":3},"val_accuracy":0.9693877551020408,"_timestamp":1.7458674946631076e+09}