{"_runtime":2.58973,"_step":0,"_wandb":{"runtime":2},"validation accuracy":0.9897959183673469,"_timestamp":1.7459401852549584e+09}