{"val_accuracy":0.9795918367346939,"_timestamp":1.745866687147402e+09,"_runtime":2.1147332,"_step":0,"_wandb":{"runtime":2}}