{"_timestamp":1.745866364345461e+09,"_runtime":1.2443805000000001,"_wandb":{"runtime":1},"_step":0,"val_accuracy":0.9795918367346939}