{"_runtime":1.2592543,"_step":0,"_wandb":{"runtime":1},"validation accuracy":0.9693877551020408,"_timestamp":1.7459383430799012e+09}