{"_timestamp":1.7458676540806491e+09,"_runtime":1.3487642,"_step":0,"val_accuracy":0.9795918367346939,"_wandb":{"runtime":1}}