{"_wandb":{"runtime":2},"_step":0,"validation accuracy":0.9897959183673469,"_timestamp":1.7459387872837088e+09,"_runtime":2.2471445}