{"_wandb":{"runtime":2},"_step":0,"validation accuracy":0.9795918367346939,"_timestamp":1.745939452905696e+09,"_runtime":2.4792266}