{"_runtime":2.3820594,"_step":0,"_wandb":{"runtime":2},"validation accuracy":0.9693877551020408,"_timestamp":1.7459390719087472e+09}