{"_step":0,"_wandb":{"runtime":1},"validation accuracy":0.9693877551020408,"_timestamp":1.7459397528905652e+09,"_runtime":1.8756561}