{"_runtime":1.1680508,"_step":0,"_wandb":{"runtime":1},"val_accuracy":0.9693877551020408,"_timestamp":1.7458671480122378e+09}