{"_wandb":{"runtime":1},"val_accuracy":0.9693877551020408,"_timestamp":1.7458669007059207e+09,"_runtime":1.4218891,"_step":0}