{"_step":0,"_wandb":{"runtime":1},"validation accuracy":0.9795918367346939,"_timestamp":1.745938350368449e+09,"_runtime":1.9691526000000001}