{"val_accuracy":0.9795918367346939,"_timestamp":1.7458662739492643e+09,"_runtime":1.6996518,"_step":0,"_wandb":{"runtime":2}}