{"val_accuracy":0.9897959183673469,"_timestamp":1.7458664931543431e+09,"_runtime":1.1408286,"_step":0,"_wandb":{"runtime":1}}