{"validation accuracy":0.9897959183673469,"_timestamp":1.745938851379202e+09,"_wandb":{"runtime":2},"_runtime":2.0356414,"_step":0}