{"_timestamp":1.745867395045791e+09,"_wandb":{"runtime":1},"_runtime":1.4174527000000001,"_step":0,"val_accuracy":0.9897959183673469}