{"_step":0,"val_accuracy":0.9693877551020408,"_timestamp":1.745866039612306e+09,"_wandb":{"runtime":3},"_runtime":2.8776842}