{"_wandb":{"runtime":2},"val_accuracy":0.9693877551020408,"_timestamp":1.7458672873687162e+09,"_runtime":1.5913172,"_step":0}