{"_wandb":{"runtime":1},"_step":0,"val_accuracy":0.9897959183673469,"_timestamp":1.7458671699483643e+09,"_runtime":1.272042}