{"_runtime":3.4734803,"_step":0,"_wandb":{"runtime":3},"validation accuracy":0.9795918367346939,"_timestamp":1.7459389220790458e+09}