{"_timestamp":1.7459394807510128e+09,"_runtime":3.1249463,"_wandb":{"runtime":3},"_step":0,"validation accuracy":0.9795918367346939}