{"_step":0,"_wandb":{"runtime":1},"val_accuracy":0.9795918367346939,"_timestamp":1.7458668090220811e+09,"_runtime":1.1890612}