{"_step":0,"validation accuracy":0.9795918367346939,"_timestamp":1.7459396681444898e+09,"_runtime":2.3150927,"_wandb":{"runtime":2}}