{"_wandb":{"runtime":1},"val_accuracy":0.9693877551020408,"_timestamp":1.7458665257485614e+09,"_runtime":1.0512096,"_step":0}