{"_timestamp":1.7459392383481498e+09,"_runtime":1.9268573,"_wandb":{"runtime":1},"_step":0,"validation accuracy":0.9693877551020408}