{"_runtime":1.7093653,"_step":0,"_wandb":{"runtime":2},"val_accuracy":0.9693877551020408,"_timestamp":1.745866069608249e+09}