{"_wandb":{"runtime":1},"val_accuracy":0.9693877551020408,"_timestamp":1.7458664616524098e+09,"_runtime":1.3232375,"_step":0}