{"_wandb":{"runtime":2},"validation accuracy":0.9795918367346939,"_timestamp":1.7459398711875894e+09,"_runtime":2.0812559999999998,"_step":0}