{"_wandb":{"runtime":1},"val_accuracy":0.9795918367346939,"_timestamp":1.7458665040622876e+09,"_runtime":1.2700347,"_step":0}