{"_runtime":2.6492516999999998,"_step":0,"_wandb":{"runtime":2},"validation accuracy":0.9795918367346939,"_timestamp":1.7459391569463294e+09}