{"_timestamp":1.7458674610525565e+09,"_runtime":1.1503067,"_step":0,"_wandb":{"runtime":1},"val_accuracy":0.9693877551020408}