{"_wandb":{"runtime":4},"validation accuracy":0.9897959183673469,"_timestamp":1.7459398506197102e+09,"_runtime":4.3377343,"_step":0}