{"val_accuracy":0.9795918367346939,"_timestamp":1.7458666582863166e+09,"_runtime":1.0757564,"_step":0,"_wandb":{"runtime":1}}