{"validation accuracy":0.9693877551020408,"_timestamp":1.745938635160415e+09,"_runtime":1.9104614,"_step":0,"_wandb":{"runtime":1}}