{"val_accuracy":0.9897959183673469,"_timestamp":1.745867642970723e+09,"_runtime":1.005222,"_step":0,"_wandb":{"runtime":2}}