{"_runtime":0.9660983,"_step":0,"_wandb":{"runtime":1},"val_accuracy":0.9897959183673469,"_timestamp":1.745866771047828e+09}