{"_runtime":3.0128469,"_step":0,"val_accuracy":0.9693877551020408,"_wandb":{"runtime":3},"_timestamp":1.7458658245158994e+09}