{"val_accuracy":1,"_timestamp":1.745867761216435e+09,"_runtime":1.368248,"_step":0,"_wandb":{"runtime":1}}