{"_wandb":{"runtime":2},"_step":0,"val_accuracy":0.9897959183673469,"_timestamp":1.745867525576819e+09,"_runtime":1.2331891}