{"_step":0,"validation accuracy":0.9693877551020408,"_timestamp":1.7459397816994684e+09,"_runtime":3.1691732,"_wandb":{"runtime":3}}