{"_wandb":{"runtime":1},"_runtime":1.43313,"_step":0,"val_accuracy":0.9897959183673469,"_timestamp":1.7458664070033972e+09}