{"val_accuracy":0.9795918367346939,"_timestamp":1.7458667609993508e+09,"_wandb":{"runtime":1},"_runtime":1.6009239,"_step":0}