{"_runtime":2.8997036,"_step":0,"val_accuracy":0.9693877551020408,"_timestamp":1.7458664520004058e+09,"_wandb":{"runtime":3}}