{"_step":0,"validation accuracy":0.9795918367346939,"_timestamp":1.7459387656711078e+09,"_wandb":{"runtime":3},"_runtime":3.3178149}