{"_timestamp":1.7458660908564022e+09,"_runtime":1.0099584,"_step":0,"_wandb":{"runtime":1},"val_accuracy":0.9795918367346939}