{"_wandb":{"runtime":1},"_timestamp":1.7459396944641001e+09,"_runtime":1.271968,"_step":0,"validation accuracy":0.9897959183673469}