{"_timestamp":1.7459383132131395e+09,"_runtime":1.7905256999999999,"_wandb":{"runtime":1},"_step":0,"validation accuracy":0.9897959183673469}