{"_wandb":{"runtime":2},"val_accuracy":0.9795918367346939,"_timestamp":1.7458678372843795e+09,"_runtime":1.7389069,"_step":0}