{"_runtime":1.4560473,"_step":0,"validation accuracy":0.9795918367346939,"_wandb":{"runtime":1},"_timestamp":1.745939168049771e+09}