{"_timestamp":1.745939925978639e+09,"_runtime":2.2720665,"_step":0,"_wandb":{"runtime":2},"validation accuracy":0.9795918367346939}