{"_runtime":1.2893565,"_step":0,"val_accuracy":0.9693877551020408,"_wandb":{"runtime":1},"_timestamp":1.7458667980540395e+09}