{"_wandb":{"runtime":1},"_step":0,"val_accuracy":0.9795918367346939,"_timestamp":1.7458668202287235e+09,"_runtime":1.2674265}