{"_wandb":{"runtime":3},"_runtime":3.1503894,"_step":0,"validation accuracy":0.9693877551020408,"_timestamp":1.7459390877416008e+09}