{"_step":0,"_wandb":{"runtime":1},"val_accuracy":0.9693877551020408,"_timestamp":1.7458663433150353e+09,"_runtime":1.1040759}