{"_timestamp":1.7459400235873542e+09,"_runtime":2.3120021,"_wandb":{"runtime":2},"_step":0,"validation accuracy":0.9693877551020408}