{"validation accuracy":0.9693877551020408,"_timestamp":1.745938185865525e+09,"_wandb":{"runtime":3},"_runtime":3.1986009,"_step":0}