{"val_accuracy":0.9897959183673469,"_wandb":{"runtime":1},"_timestamp":1.7458663863984773e+09,"_runtime":1.3270974,"_step":0}