{"_wandb":{"runtime":1},"val_accuracy":0.9693877551020408,"_timestamp":1.7458659721378078e+09,"_runtime":1.0349045,"_step":0}