{"val_accuracy":0.9795918367346939,"_timestamp":1.7458665468890908e+09,"_runtime":1.3059421,"_step":0,"_wandb":{"runtime":1}}