{"_step":0,"_wandb":{"runtime":2},"validation accuracy":1,"_timestamp":1.745938459414728e+09,"_runtime":2.1071199}