{"_wandb":{"runtime":3},"_runtime":3.9138452,"_step":0,"validation accuracy":0.9795918367346939,"_timestamp":1.7459385991240032e+09}