{"_timestamp":1.74593847551137e+09,"_runtime":3.61699,"_step":0,"_wandb":{"runtime":3},"validation accuracy":0.9693877551020408}