{"_step":0,"val_accuracy":0.9693877551020408,"_timestamp":1.7458666971210692e+09,"_wandb":{"runtime":1},"_runtime":1.2245043}