{"_timestamp":1.7458657705251868e+09,"_runtime":2.7008786000000002,"_step":0,"val_accuracy":0.9693877551020408,"_wandb":{"runtime":3}}