{"_runtime":2.8959094,"_step":0,"_wandb":{"runtime":3},"val_accuracy":0.9693877551020408,"_timestamp":1.7458670427510872e+09}