{"_wandb":{"runtime":2},"val_accuracy":0.9693877551020408,"_timestamp":1.745867676137739e+09,"_runtime":2.1656386,"_step":0}