{"_step":0,"val_accuracy":0.9693877551020408,"_timestamp":1.7458670960623286e+09,"_runtime":2.1747321,"_wandb":{"runtime":2}}