{"_step":0,"_wandb":{"runtime":1},"val_accuracy":0.9897959183673469,"_timestamp":1.7458672447522724e+09,"_runtime":1.3822474}