{"_step":0,"_wandb":{"runtime":3},"validation accuracy":0.9693877551020408,"_timestamp":1.7459401437356608e+09,"_runtime":3.2445674}