{"val_accuracy":0.9693877551020408,"_timestamp":1.745867277083429e+09,"_runtime":1.5681074000000002,"_step":0,"_wandb":{"runtime":1}}