{"_step":0,"validation accuracy":0.9795918367346939,"_timestamp":1.7459388085608718e+09,"_wandb":{"runtime":2},"_runtime":2.3765869}