{"_step":0,"validation accuracy":0.9897959183673469,"_wandb":{"runtime":2},"_timestamp":1.7459385826954293e+09,"_runtime":2.2150354}