{"_runtime":1.1178076,"_step":0,"_wandb":{"runtime":1},"val_accuracy":0.9693877551020408,"_timestamp":1.745866428848215e+09}