{"_timestamp":1.745866749680505e+09,"_runtime":1.0396994,"_step":0,"val_accuracy":0.9693877551020408,"_wandb":{"runtime":1}}