{"_wandb":{"runtime":2},"validation accuracy":0.9897959183673469,"_timestamp":1.7459389695428343e+09,"_runtime":2.746768,"_step":0}