{"_timestamp":1.745938551289689e+09,"_runtime":3.9707424,"_step":0,"validation accuracy":0.9795918367346939,"_wandb":{"runtime":3}}