{"_timestamp":1.7458673108350956e+09,"_runtime":2.910815,"_step":0,"_wandb":{"runtime":3},"val_accuracy":0.9795918367346939}