{"_wandb":{"runtime":3},"_step":0,"validation accuracy":0.9693877551020408,"_timestamp":1.745939911032848e+09,"_runtime":3.7184717000000003}