{"_wandb":{"runtime":3},"validation accuracy":0.9693877551020408,"_timestamp":1.745939356908093e+09,"_runtime":3.0112444,"_step":0}