{"_timestamp":1.7459400985649078e+09,"_runtime":1.9695881,"_step":0,"validation accuracy":0.9693877551020408,"_wandb":{"runtime":1}}