{"_step":0,"_wandb":{"runtime":2},"validation accuracy":0.9693877551020408,"_timestamp":1.7459402304636505e+09,"_runtime":2.4114931}