{"_wandb":{"runtime":3},"_timestamp":1.7459384907384024e+09,"_runtime":3.1516849000000002,"_step":0,"validation accuracy":0.9795918367346939}