{"_timestamp":1.7458675153828304e+09,"_runtime":1.2601649,"_wandb":{"runtime":1},"_step":0,"val_accuracy":0.9693877551020408}