{"_timestamp":1.7459384315533364e+09,"_runtime":2.0781809,"_wandb":{"runtime":2},"_step":0,"validation accuracy":0.9897959183673469}