{"_step":0,"_wandb":{"runtime":1},"val_accuracy":0.9897959183673469,"_timestamp":1.7458663323854551e+09,"_runtime":1.5193056999999999}