{"_wandb":{"runtime":1},"val_accuracy":0.9693877551020408,"_timestamp":1.7458672990698473e+09,"_runtime":1.6067338,"_step":0}