{"_runtime":2.709528,"_step":0,"validation accuracy":0.9897959183673469,"_wandb":{"runtime":2},"_timestamp":1.7459401696720226e+09}