{"_step":0,"validation accuracy":0.9693877551020408,"_timestamp":1.7459396620675015e+09,"_runtime":2.8368665,"_wandb":{"runtime":2}}