{"_wandb":{"runtime":2},"validation accuracy":0.9693877551020408,"_timestamp":1.7459396307839127e+09,"_runtime":2.4140346,"_step":0}