{"_wandb":{"runtime":1},"val_accuracy":0.9693877551020408,"_timestamp":1.7458659517708428e+09,"_runtime":1.2502343,"_step":0}