{"_runtime":0.9717358,"_step":0,"_wandb":{"runtime":1},"val_accuracy":0.9693877551020408,"_timestamp":1.7458668626451263e+09}