{"validation accuracy":0.9693877551020408,"_wandb":{"runtime":2},"_timestamp":1.745939550589785e+09,"_runtime":2.4825696,"_step":0}