{"_timestamp":1.745939985379036e+09,"_runtime":1.9614401,"_step":0,"_wandb":{"runtime":1},"validation accuracy":0.9897959183673469}