{"_wandb":{"runtime":1},"val_accuracy":0.9693877551020408,"_timestamp":1.7458672124808311e+09,"_runtime":1.228683,"_step":0}