{"_runtime":1.6706372,"_step":0,"_wandb":{"runtime":2},"val_accuracy":0.9795918367346939,"_timestamp":1.7458675047303784e+09}