{"_runtime":1.3914947,"_wandb":{"runtime":1},"_step":0,"val_accuracy":0.9795918367346939,"_timestamp":1.7458671593453038e+09}