{"_wandb":{"runtime":1},"val_accuracy":0.9693877551020408,"_timestamp":1.7458661651617262e+09,"_runtime":1.0843178,"_step":0}