{"_wandb":{"runtime":2},"validation accuracy":0.9897959183673469,"_timestamp":1.7459382273598597e+09,"_runtime":2.1216767,"_step":0}