{"_timestamp":1.7458673301375751e+09,"_runtime":0.9423898,"_step":0,"val_accuracy":0.9897959183673469,"_wandb":{"runtime":1}}