{"_step":0,"validation accuracy":0.9897959183673469,"_timestamp":1.745938216166188e+09,"_runtime":2.2737667,"_wandb":{"runtime":2}}