{"_runtime":2.4868917,"_step":0,"_wandb":{"runtime":2},"validation accuracy":0.9693877551020408,"_timestamp":1.7459382099508018e+09}