{"_wandb":{"runtime":3},"validation accuracy":0.9693877551020408,"_timestamp":1.745939116315032e+09,"_runtime":3.747135,"_step":0}