{"_wandb":{"runtime":1},"_step":0,"val_accuracy":0.9897959183673469,"_timestamp":1.7458678150344908e+09,"_runtime":1.1068456}