{"_timestamp":1.745939372019615e+09,"_runtime":2.569636,"_step":0,"_wandb":{"runtime":2},"validation accuracy":0.9693877551020408}