{"_timestamp":1.745866611741123e+09,"_runtime":1.3589171,"_step":0,"_wandb":{"runtime":1},"val_accuracy":0.9897959183673469}