{"_timestamp":1.745939308872948e+09,"_runtime":2.6217237,"_step":0,"_wandb":{"runtime":2},"validation accuracy":0.9795918367346939}