{"validation accuracy":0.9693877551020408,"_timestamp":1.745938416325312e+09,"_runtime":2.1334033,"_step":0,"_wandb":{"runtime":2}}