{"_runtime":3.8056147,"_wandb":{"runtime":3},"_step":0,"validation accuracy":0.9693877551020408,"_timestamp":1.7459400015661786e+09}