{"_wandb":{"runtime":1},"_step":0,"val_accuracy":0.9693877551020408,"_timestamp":1.7458667294890158e+09,"_runtime":1.3000573}