{"val_accuracy":0.9693877551020408,"_wandb":{"runtime":1},"_timestamp":1.745866229840221e+09,"_runtime":1.0743129,"_step":0}