{"_wandb":{"runtime":2},"validation accuracy":0.9693877551020408,"_timestamp":1.745939399428978e+09,"_runtime":2.7957734,"_step":0}