{"_runtime":2.1641237,"_step":0,"_wandb":{"runtime":2},"val_accuracy":0.9693877551020408,"_timestamp":1.7458668428806064e+09}