{"validation accuracy":0.9693877551020408,"_timestamp":1.7459400669453819e+09,"_runtime":2.4161386,"_step":0,"_wandb":{"runtime":2}}