{"_runtime":0.9934031,"_step":0,"_wandb":{"runtime":1},"val_accuracy":0.9693877551020408,"_timestamp":1.745866417731984e+09}