{"_runtime":1.4265211,"_step":0,"_wandb":{"runtime":1},"val_accuracy":0.9693877551020408,"_timestamp":1.7458675476676214e+09}