{"_timestamp":1.7459397273584316e+09,"_runtime":3.133387,"_wandb":{"runtime":3},"_step":0,"validation accuracy":0.9795918367346939}