{"validation accuracy":0.9693877551020408,"_timestamp":1.7459383832127461e+09,"_runtime":3.8099922,"_wandb":{"runtime":3},"_step":0}