{"_runtime":1.2300954,"_step":0,"_wandb":{"runtime":1},"val_accuracy":0.9693877551020408,"_timestamp":1.7458666432403574e+09}