{"_wandb":{"runtime":1},"val_accuracy":0.9795918367346939,"_timestamp":1.745867440240886e+09,"_runtime":1.1714007,"_step":0}