{"_timestamp":1.7459386944152486e+09,"_runtime":1.8162389,"_step":0,"_wandb":{"runtime":1},"validation accuracy":0.9693877551020408}