{"validation accuracy":0.9693877551020408,"_timestamp":1.7459390456499074e+09,"_runtime":2.906268,"_step":0,"_wandb":{"runtime":2}}