{"_timestamp":1.7459391049634206e+09,"_runtime":4.4171996,"_wandb":{"runtime":4},"_step":0,"validation accuracy":0.9693877551020408}