{"_timestamp":1.7458670833169928e+09,"_runtime":1.1304011,"_wandb":{"runtime":1},"_step":0,"val_accuracy":0.9795918367346939}