{"validation accuracy":0.9897959183673469,"_timestamp":1.7459401365200505e+09,"_runtime":2.8163045,"_step":0,"_wandb":{"runtime":2}}