{"_wandb":{"runtime":3},"_timestamp":1.7459399424782715e+09,"_runtime":3.658004,"_step":0,"validation accuracy":0.9795918367346939}