{"_step":0,"val_accuracy":0.9693877551020408,"_timestamp":1.745867318949955e+09,"_wandb":{"runtime":1},"_runtime":1.0052984}