{"validation accuracy":0.9693877551020408,"_timestamp":1.745940306309103e+09,"_runtime":2.4108739,"_wandb":{"runtime":2},"_step":0}