{"_step":0,"val_accuracy":0.9795918367346939,"_wandb":{"runtime":2},"_timestamp":1.7458668314647684e+09,"_runtime":2.1197816}