{"_timestamp":1.7458674194913974e+09,"_runtime":2.8193384,"_step":0,"_wandb":{"runtime":3},"val_accuracy":0.9693877551020408}