{"_wandb":{"runtime":1},"val_accuracy":0.9693877551020408,"_timestamp":1.7458670519571066e+09,"_runtime":1.5123852,"_step":0}