{"_runtime":1.8047707,"_step":0,"_wandb":{"runtime":1},"validation accuracy":0.9693877551020408,"_timestamp":1.7459401206050873e+09}