{"_wandb":{"runtime":3},"validation accuracy":0.9795918367346939,"_timestamp":1.745938739686254e+09,"_runtime":3.8826819,"_step":0}