{"_step":0,"_wandb":{"runtime":4},"validation accuracy":0.9693877551020408,"_timestamp":1.745938611369412e+09,"_runtime":4.0224679}