{"_wandb":{"runtime":1},"validation accuracy":0.9693877551020408,"_timestamp":1.745940196306669e+09,"_runtime":1.3043498,"_step":0}