{"val_accuracy":0.9693877551020408,"_timestamp":1.745867579028956e+09,"_runtime":1.3231248,"_step":0,"_wandb":{"runtime":1}}