{"_wandb":{"runtime":1},"val_accuracy":0.9795918367346939,"_timestamp":1.7458659834099154e+09,"_runtime":1.5144264,"_step":0}