{"_timestamp":1.7458677945995543e+09,"_runtime":2.2043106,"_step":0,"val_accuracy":0.9693877551020408,"_wandb":{"runtime":2}}