{"_timestamp":1.7459394905218453e+09,"_runtime":2.1520597,"_wandb":{"runtime":2},"_step":0,"validation accuracy":0.9897959183673469}