{"_step":0,"validation accuracy":0.9795918367346939,"_timestamp":1.74593986019302e+09,"_runtime":2.271191,"_wandb":{"runtime":2}}