{"_step":0,"validation accuracy":0.9795918367346939,"_wandb":{"runtime":1},"_timestamp":1.7459402080272377e+09,"_runtime":1.8115824}