{"_wandb":{"runtime":2},"validation accuracy":0.9897959183673469,"_timestamp":1.7459391955908716e+09,"_runtime":2.7677751,"_step":0}