{"_timestamp":1.7459385760053217e+09,"_runtime":2.9483942,"_step":0,"validation accuracy":0.9795918367346939,"_wandb":{"runtime":2}}