{"_step":0,"_wandb":{"runtime":2},"validation accuracy":0.9693877551020408,"_timestamp":1.7459386839298592e+09,"_runtime":2.0595872}