{"_runtime":3.1700611,"_step":0,"_wandb":{"runtime":3},"validation accuracy":0.9897959183673469,"_timestamp":1.7459396468592856e+09}