{"_wandb":{"runtime":1},"validation accuracy":0.9795918367346939,"_timestamp":1.74594019154924e+09,"_runtime":1.9086693000000001,"_step":0}