{"_runtime":1.0530952,"_step":0,"val_accuracy":0.9795918367346939,"_wandb":{"runtime":1},"_timestamp":1.7458676970341737e+09}