{"_runtime":2.8373913,"_step":0,"_wandb":{"runtime":2},"validation accuracy":0.9795918367346939,"_timestamp":1.7459392873619041e+09}