{"_step":0,"validation accuracy":0.9693877551020408,"_timestamp":1.7459390619009962e+09,"_wandb":{"runtime":3},"_runtime":3.9977173}