{"_step":0,"_wandb":{"runtime":1},"validation accuracy":0.9897959183673469,"_timestamp":1.7459389538332498e+09,"_runtime":1.8875296000000001}