{"_timestamp":1.7459398937202575e+09,"_runtime":1.9049619,"_step":0,"_wandb":{"runtime":1},"validation accuracy":0.9897959183673469}