{"_wandb":{"runtime":1},"validation accuracy":0.9693877551020408,"_timestamp":1.7459389434882321e+09,"_runtime":1.8889894,"_step":0}