{"_timestamp":1.7458661446482885e+09,"_runtime":1.1680919,"_step":0,"_wandb":{"runtime":1},"val_accuracy":0.9897959183673469}