{"_timestamp":1.7459387491037033e+09,"_runtime":2.0328835,"_step":0,"_wandb":{"runtime":2},"validation accuracy":0.9795918367346939}