{"_timestamp":1.745867429280945e+09,"_runtime":1.3639474,"_step":0,"_wandb":{"runtime":1},"val_accuracy":0.9897959183673469}