{"_runtime":3.6971568,"_wandb":{"runtime":3},"_step":0,"validation accuracy":0.9795918367346939,"_timestamp":1.7459391417733335e+09}