{"_step":0,"_wandb":{"runtime":2},"validation accuracy":0.9897959183673469,"_timestamp":1.745938985269924e+09,"_runtime":2.7310859}