{"_step":0,"_wandb":{"runtime":3},"val_accuracy":0.9693877551020408,"_timestamp":1.7458666344708169e+09,"_runtime":2.8832915999999997}