{"_step":0,"_wandb":{"runtime":1},"val_accuracy":0.9897959183673469,"_timestamp":1.7458678799663186e+09,"_runtime":1.2976874999999999}