{"_timestamp":1.7459399196227705e+09,"_runtime":1.4854456,"_step":0,"_wandb":{"runtime":1},"validation accuracy":0.9693877551020408}