{"_wandb":{"runtime":2},"validation accuracy":0.9795918367346939,"_timestamp":1.745938243020389e+09,"_runtime":2.9851761,"_step":0}