{"_timestamp":1.7459382853562179e+09,"_wandb":{"runtime":2},"_runtime":2.9534510000000003,"_step":0,"validation accuracy":0.9795918367346939}