{"_runtime":3.052246,"_step":0,"validation accuracy":0.9693877551020408,"_timestamp":1.7459395933746793e+09,"_wandb":{"runtime":3}}