{"_wandb":{"runtime":2},"val_accuracy":0.9795918367346939,"_timestamp":1.7458672335583339e+09,"_runtime":1.2617266,"_step":0}