{"val_accuracy":0.9897959183673469,"_timestamp":1.7458677392878256e+09,"_runtime":0.9785629,"_step":0,"_wandb":{"runtime":1}}