{"_runtime":1.8022296,"_step":0,"_wandb":{"runtime":1},"validation accuracy":1,"_timestamp":1.7459394956675482e+09}