{"_step":0,"_wandb":{"runtime":2},"val_accuracy":0.9693877551020408,"_timestamp":1.7458662205825663e+09,"_runtime":2.2547412}