{"_runtime":1.2467261,"_step":0,"_wandb":{"runtime":1},"val_accuracy":0.9795918367346939,"_timestamp":1.7458673517287388e+09}