{"_runtime":1.1791589,"_step":0,"_wandb":{"runtime":1},"val_accuracy":0.9897959183673469,"_timestamp":1.7458677284272053e+09}