{"_timestamp":1.745940092951427e+09,"_runtime":2.7096923,"_wandb":{"runtime":2},"_step":0,"validation accuracy":0.9795918367346939}