{"_wandb":{"runtime":2},"validation accuracy":0.9693877551020408,"_timestamp":1.745938689427081e+09,"_runtime":2.1964718,"_step":0}