{"val_accuracy":0.9795918367346939,"_wandb":{"runtime":2},"_timestamp":1.7458675591809266e+09,"_runtime":2.3742689,"_step":0}