{"_timestamp":1.7458676326429572e+09,"_runtime":1.2813715,"_step":0,"_wandb":{"runtime":1},"val_accuracy":0.9795918367346939}