{"validation accuracy":0.9693877551020408,"_wandb":{"runtime":2},"_timestamp":1.74594032166888e+09,"_runtime":2.6741835,"_step":0}