{"_wandb":{"runtime":1},"_step":0,"val_accuracy":0.9897959183673469,"_timestamp":1.7458662521173568e+09,"_runtime":1.0608254}