{"_runtime":1.6051261000000001,"_wandb":{"runtime":1},"_step":0,"validation accuracy":0.9795918367346939,"_timestamp":1.7459391633093402e+09}