{"validation accuracy":0.9693877551020408,"_timestamp":1.7459384528915381e+09,"_runtime":2.8981326,"_step":0,"_wandb":{"runtime":2}}