{"_wandb":{"runtime":1},"validation accuracy":0.9795918367346939,"_timestamp":1.7459388993957012e+09,"_runtime":1.1057549,"_step":0}