{"_timestamp":1.7459392441545546e+09,"_runtime":2.1561289,"_step":0,"_wandb":{"runtime":2},"validation accuracy":0.9897959183673469}