{"_wandb":{"runtime":2},"_runtime":2.2970684,"_step":0,"validation accuracy":0.9897959183673469,"_timestamp":1.745938269668811e+09}