{"_step":0,"val_accuracy":0.9795918367346939,"_timestamp":1.7458669971810627e+09,"_wandb":{"runtime":1},"_runtime":1.1733705}