{"_step":0,"_wandb":{"runtime":2},"validation accuracy":0.9795918367346939,"_timestamp":1.7459389064175634e+09,"_runtime":2.4776856}