{"_timestamp":1.7459395114098012e+09,"_runtime":2.6376967000000002,"_step":0,"validation accuracy":0.9897959183673469,"_wandb":{"runtime":2}}