{"_wandb":{"runtime":1},"validation accuracy":0.9693877551020408,"_timestamp":1.7459402019791346e+09,"_runtime":1.4700373,"_step":0}