{"_wandb":{"runtime":1},"val_accuracy":0.9795918367346939,"_timestamp":1.7458670194933052e+09,"_runtime":1.4559392,"_step":0}