{"_runtime":1.4681441,"_step":0,"_wandb":{"runtime":1},"val_accuracy":0.9795918367346939,"_timestamp":1.745867191384213e+09}