{"_timestamp":1.745940268442841e+09,"_wandb":{"runtime":3},"_runtime":3.9901291,"_step":0,"validation accuracy":0.9693877551020408}