{"_runtime":1.9779982,"_step":0,"_wandb":{"runtime":1},"validation accuracy":0.9795918367346939,"_timestamp":1.74593962387428e+09}