{"_step":0,"validation accuracy":0.9693877551020408,"_timestamp":1.7459387010488598e+09,"_runtime":2.0653179,"_wandb":{"runtime":2}}