{"_step":0,"validation accuracy":0.9795918367346939,"_wandb":{"runtime":1},"_timestamp":1.745938991006786e+09,"_runtime":1.9172891}