{"_wandb":{"runtime":1},"_runtime":1.9092183,"_step":0,"validation accuracy":0.9795918367346939,"_timestamp":1.745939249610423e+09}