{"val_accuracy":0.9693877551020408,"_timestamp":1.7458676217930133e+09,"_runtime":1.1676535000000001,"_step":0,"_wandb":{"runtime":1}}