{"validation accuracy":0.9795918367346939,"_timestamp":1.7459395445693188e+09,"_wandb":{"runtime":2},"_runtime":2.8992976,"_step":0}