{"_timestamp":1.745866027019024e+09,"_wandb":{"runtime":1},"_runtime":1.0577839,"_step":0,"val_accuracy":0.9693877551020408}