{"_runtime":0.9022483,"_step":0,"_wandb":{"runtime":1},"val_accuracy":0.9693877551020408,"_timestamp":1.7458665891864076e+09}