{"_wandb":{"runtime":3},"validation accuracy":0.9693877551020408,"_timestamp":1.7459392238634465e+09,"_runtime":3.2112363,"_step":0}