{"_wandb":{"runtime":1},"_timestamp":1.7458677177943847e+09,"_runtime":1.406388,"_step":0,"val_accuracy":0.9795918367346939}