{"val_accuracy":0.9693877551020408,"_timestamp":1.7458660487137644e+09,"_runtime":1.5762379,"_step":0,"_wandb":{"runtime":1}}