{"_runtime":3.8717736,"_step":0,"_wandb":{"runtime":3},"validation accuracy":0.9693877551020408,"_timestamp":1.745938858772898e+09}