{"_runtime":2.9199267,"_wandb":{"runtime":2},"_step":0,"validation accuracy":0.9795918367346939,"_timestamp":1.7459401141676502e+09}