{"val_accuracy":0.9795918367346939,"_timestamp":1.7458666227408009e+09,"_runtime":2.1887332,"_wandb":{"runtime":2},"_step":0}