{"_step":0,"_wandb":{"runtime":3},"validation accuracy":0.9795918367346939,"_timestamp":1.7459398870439398e+09,"_runtime":3.0084969}