{"_wandb":{"runtime":2},"validation accuracy":0.9693877551020408,"_timestamp":1.7459399742890034e+09,"_runtime":2.9759234,"_step":0}