{"_timestamp":1.7459388025515792e+09,"_runtime":1.7572378,"_step":0,"_wandb":{"runtime":1},"validation accuracy":1}