{"_step":0,"_wandb":{"runtime":1},"val_accuracy":0.9897959183673469,"_timestamp":1.74586651468623e+09,"_runtime":1.4788703}