{"_timestamp":1.74586591902137e+09,"_runtime":1.0240174,"_wandb":{"runtime":1},"_step":0,"val_accuracy":0.9795918367346939}