{"_timestamp":1.7458678575821846e+09,"_runtime":1.1586626,"_step":0,"_wandb":{"runtime":1},"val_accuracy":0.9897959183673469}