{"_timestamp":1.7459385606206994e+09,"_runtime":2.2748574,"_step":0,"_wandb":{"runtime":2},"validation accuracy":0.9795918367346939}