{"_step":0,"_wandb":{"runtime":1},"validation accuracy":0.9897959183673469,"_timestamp":1.745938409284589e+09,"_runtime":1.2922543}