{"_timestamp":1.7459388314679568e+09,"_runtime":3.5473705,"_step":0,"_wandb":{"runtime":3},"validation accuracy":0.9693877551020408}