{"_timestamp":1.7459382908562963e+09,"_runtime":2.02534,"_wandb":{"runtime":2},"_step":0,"validation accuracy":0.9693877551020408}