{"_wandb":{"runtime":2},"_timestamp":1.7459390070154521e+09,"_runtime":2.5282881,"_step":0,"validation accuracy":0.9897959183673469}