{"_runtime":2.2250776,"_step":0,"_wandb":{"runtime":2},"validation accuracy":0.9795918367346939,"_timestamp":1.745940218786057e+09}