{"_wandb":{"runtime":2},"validation accuracy":0.9897959183673469,"_timestamp":1.7459397017072563e+09,"_runtime":2.2477703,"_step":0}