{"_runtime":1.3426325000000001,"_step":0,"_wandb":{"runtime":1},"val_accuracy":0.9795918367346939,"_timestamp":1.745867115795857e+09}