{"val_accuracy":0.9897959183673469,"_timestamp":1.745866353856949e+09,"_runtime":1.2517412,"_step":0,"_wandb":{"runtime":1}}