{"_timestamp":1.7459394466983495e+09,"_runtime":2.5222341999999998,"_step":0,"validation accuracy":0.9693877551020408,"_wandb":{"runtime":2}}