{"_runtime":2.1625993,"_step":0,"val_accuracy":0.9693877551020408,"_wandb":{"runtime":2},"_timestamp":1.7458669879676747e+09}