{"_wandb":{"runtime":1},"val_accuracy":0.9693877551020408,"_timestamp":1.7458675363822644e+09,"_runtime":1.3309047,"_step":0}