{"_timestamp":1.745940283815132e+09,"_runtime":2.0727124,"_step":0,"validation accuracy":0.9693877551020408,"_wandb":{"runtime":2}}