{"val_accuracy":0.9693877551020408,"_timestamp":1.7458658336263466e+09,"_runtime":1.384902,"_step":0,"_wandb":{"runtime":1}}