{"_wandb":{"runtime":2},"val_accuracy":0.9693877551020408,"_timestamp":1.7458657031952093e+09,"_runtime":2.3774098,"_step":0}