{"val_accuracy":0.9795918367346939,"_timestamp":1.745866306177184e+09,"_runtime":1.9599123,"_step":0,"_wandb":{"runtime":2}}