{"_timestamp":1.7458676645120578e+09,"_runtime":1.3653205,"_step":0,"_wandb":{"runtime":1},"val_accuracy":0.9897959183673469}