{"_runtime":3.1051398,"_step":0,"_wandb":{"runtime":3},"val_accuracy":0.9693877551020408,"_timestamp":1.7458657926016166e+09}