{"_runtime":1.6048325,"_wandb":{"runtime":1},"_step":0,"val_accuracy":0.9693877551020408,"_timestamp":1.7458671271010346e+09}