{"_timestamp":1.7458657376088407e+09,"_runtime":1.3328951,"_step":0,"_wandb":{"runtime":1},"val_accuracy":0.9795918367346939}