{"_timestamp":1.745940077564461e+09,"_runtime":2.493761,"_step":0,"_wandb":{"runtime":2},"validation accuracy":0.9897959183673469}