{"_step":0,"val_accuracy":0.9693877551020408,"_timestamp":1.7458671800737948e+09,"_wandb":{"runtime":1},"_runtime":1.3852017}