{"val_accuracy":0.9693877551020408,"_timestamp":1.745867008028605e+09,"_runtime":1.3437279,"_step":0,"_wandb":{"runtime":1}}