{"validation accuracy":0.9693877551020408,"_timestamp":1.745940016830808e+09,"_runtime":2.7289873,"_step":0,"_wandb":{"runtime":2}}