{"validation accuracy":0.9795918367346939,"_timestamp":1.7459402455478292e+09,"_runtime":2.6734052999999998,"_step":0,"_wandb":{"runtime":2}}