{"_wandb":{"runtime":1},"val_accuracy":0.9897959183673469,"_timestamp":1.745867255217283e+09,"_runtime":1.0001003,"_step":0}