{"_timestamp":1.745938329373763e+09,"_runtime":3.7390113,"_wandb":{"runtime":3},"_step":0,"validation accuracy":0.9897959183673469}