{"validation accuracy":0.9693877551020408,"_timestamp":1.7459400497456386e+09,"_runtime":1.7637433,"_wandb":{"runtime":1},"_step":0}