{"_wandb":{"runtime":3},"_runtime":2.7881321999999997,"_step":0,"val_accuracy":0.9693877551020408,"_timestamp":1.7458658773994093e+09}