{"_wandb":{"runtime":1},"_timestamp":1.745939473633561e+09,"_runtime":1.0107602,"_step":0,"validation accuracy":0.9693877551020408}