{"_timestamp":1.7458661986948042e+09,"_runtime":1.571842,"_step":0,"val_accuracy":0.9693877551020408,"_wandb":{"runtime":1}}