{"val_accuracy":0.9693877551020408,"_wandb":{"runtime":1},"_timestamp":1.745867373157522e+09,"_runtime":1.1601076,"_step":0}