{"_wandb":{"runtime":0},"validation accuracy":0.9693877551020408,"_timestamp":1.7459402230529063e+09,"_runtime":0.9654157,"_step":0}