{"validation accuracy":0.9795918367346939,"_wandb":{"runtime":1},"_timestamp":1.745939952290442e+09,"_runtime":1.9707444,"_step":0}