{"_wandb":{"runtime":2},"val_accuracy":0.9795918367346939,"_timestamp":1.7458671377323012e+09,"_runtime":1.6800441,"_step":0}