{"_runtime":1.8932083,"_step":0,"_wandb":{"runtime":1},"validation accuracy":0.9795918367346939,"_timestamp":1.7459395192226524e+09}