{"validation accuracy":0.9693877551020408,"_wandb":{"runtime":2},"_timestamp":1.7459392552374547e+09,"_runtime":2.1691254,"_step":0}