{"_step":0,"_wandb":{"runtime":1},"val_accuracy":0.9795918367346939,"_timestamp":1.7458658871476014e+09,"_runtime":0.9397023}