{"_wandb":{"runtime":1},"validation accuracy":0.9693877551020408,"_timestamp":1.7459400552948854e+09,"_runtime":1.8154243,"_step":0}