{"_timestamp":1.7458667075995624e+09,"_runtime":1.1322998,"_step":0,"_wandb":{"runtime":1},"val_accuracy":0.9693877551020408}