{"_timestamp":1.745866975833599e+09,"_runtime":1.036394,"_step":0,"_wandb":{"runtime":1},"val_accuracy":0.9897959183673469}