{"_timestamp":1.7458662097982922e+09,"_wandb":{"runtime":2},"_runtime":2.265794,"_step":0,"val_accuracy":0.9795918367346939}