{"_timestamp":1.7459398655757759e+09,"_runtime":1.8203580000000001,"_step":0,"_wandb":{"runtime":1},"validation accuracy":0.9795918367346939}