{"_wandb":{"runtime":2},"_timestamp":1.745938731888562e+09,"_runtime":2.506042,"_step":0,"validation accuracy":0.9795918367346939}