{"_wandb":{"runtime":3},"_runtime":2.6954048,"_step":0,"val_accuracy":0.9693877551020408,"_timestamp":1.7458659315555036e+09}