{"_wandb":{"runtime":2},"_timestamp":1.745938650502428e+09,"_runtime":2.3229554,"_step":0,"validation accuracy":0.9693877551020408}