{"_timestamp":1.7458657544954946e+09,"_runtime":1.3062808000000001,"_step":0,"_wandb":{"runtime":1},"val_accuracy":0.9693877551020408}