{"_wandb":{"runtime":1},"_timestamp":1.745938527852541e+09,"_runtime":1.7871979,"_step":0,"validation accuracy":0.9693877551020408}