{"_timestamp":1.7459390297419071e+09,"_runtime":4.186076,"_step":0,"_wandb":{"runtime":4},"validation accuracy":0.9693877551020408}