{"_timestamp":1.7459384261866746e+09,"_runtime":2.3030616,"_step":0,"_wandb":{"runtime":2},"validation accuracy":0.9795918367346939}