{"_runtime":1.5224337000000001,"_step":0,"_wandb":{"runtime":1},"val_accuracy":0.9795918367346939,"_timestamp":1.7458676120813732e+09}