{"_runtime":2.2684984,"_step":0,"_wandb":{"runtime":2},"validation accuracy":0.9795918367346939,"_timestamp":1.7459381948095636e+09}