{"_runtime":1.4298013,"_wandb":{"runtime":1},"_step":0,"val_accuracy":0.9795918367346939,"_timestamp":1.7458667870142257e+09}