{"val_accuracy":0.9897959183673469,"_timestamp":1.7458662408064127e+09,"_runtime":1.2037752,"_step":0,"_wandb":{"runtime":1}}