{"_runtime":0.9828551,"_step":0,"val_accuracy":0.9795918367346939,"_wandb":{"runtime":1},"_timestamp":1.7458670724573438e+09}