{"_timestamp":1.7458659408721018e+09,"_runtime":1.2524988000000001,"_step":0,"val_accuracy":0.9693877551020408,"_wandb":{"runtime":1}}