{"_timestamp":1.7458667183545492e+09,"_runtime":0.9667284,"_step":0,"val_accuracy":0.9795918367346939,"_wandb":{"runtime":1}}