{"_wandb":{"runtime":2},"_timestamp":1.745938506845389e+09,"_runtime":2.9525449,"_step":0,"validation accuracy":0.9693877551020408}