{"_wandb":{"runtime":1},"val_accuracy":0.9693877551020408,"_timestamp":1.7458662837562153e+09,"_runtime":0.9752424,"_step":0}