{"_wandb":{"runtime":3},"val_accuracy":0.9693877551020408,"_timestamp":1.7458659634298632e+09,"_runtime":2.6864681,"_step":0}