{"validation accuracy":0.9795918367346939,"_wandb":{"runtime":2},"_timestamp":1.745939468406158e+09,"_runtime":2.9706218,"_step":0}