{"_step":0,"val_accuracy":0.9897959183673469,"_timestamp":1.7458678472351956e+09,"_wandb":{"runtime":1},"_runtime":1.2617783}