{"_timestamp":1.7459400612871094e+09,"_runtime":2.4573825,"_step":0,"_wandb":{"runtime":2},"validation accuracy":0.9693877551020408}