{"_step":0,"val_accuracy":0.9693877551020408,"_wandb":{"runtime":2},"_timestamp":1.745865908855809e+09,"_runtime":2.0590111}