{"_runtime":2.01014,"_step":0,"validation accuracy":0.9693877551020408,"_timestamp":1.7459388927600837e+09,"_wandb":{"runtime":2}}