{"_wandb":{"runtime":1},"val_accuracy":0.9795918367346939,"_timestamp":1.7458661224263258e+09,"_runtime":1.0876645,"_step":0}