{"_step":0,"validation accuracy":0.9897959183673469,"_wandb":{"runtime":2},"_timestamp":1.7459395614520013e+09,"_runtime":2.0854932}