{"validation accuracy":0.9795918367346939,"_timestamp":1.7459394146842403e+09,"_runtime":2.589439,"_step":0,"_wandb":{"runtime":2}}