{"_runtime":3.3293243,"_step":0,"_wandb":{"runtime":3},"validation accuracy":0.9795918367346939,"_timestamp":1.745938868654078e+09}