{"_runtime":2.1633115,"_step":0,"_wandb":{"runtime":2},"validation accuracy":0.9795918367346939,"_timestamp":1.74593836669482e+09}