{"_wandb":{"runtime":2},"_step":0,"validation accuracy":0.9897959183673469,"_timestamp":1.7459402782324975e+09,"_runtime":2.2853796}