{"val_accuracy":0.9795918367346939,"_timestamp":1.745866472210022e+09,"_wandb":{"runtime":2},"_runtime":1.7259039999999999,"_step":0}