{"_step":0,"val_accuracy":0.9693877551020408,"_wandb":{"runtime":1},"_timestamp":1.7458668784546912e+09,"_runtime":0.9899541}