{"_runtime":2.3540994,"_step":0,"_wandb":{"runtime":2},"validation accuracy":0.9693877551020408,"_timestamp":1.7459391251852245e+09}