{"_runtime":1.2661416,"_step":0,"_wandb":{"runtime":1},"val_accuracy":0.9795918367346939,"_timestamp":1.745866954312713e+09}