{"validation accuracy":0.9795918367346939,"_wandb":{"runtime":1},"_timestamp":1.745939555528074e+09,"_runtime":1.9041549,"_step":0}