{"_runtime":2.0555818,"_step":0,"_wandb":{"runtime":2},"validation accuracy":0.9693877551020408,"_timestamp":1.745938619968055e+09}