{"val_accuracy":0.9693877551020408,"_wandb":{"runtime":1},"_timestamp":1.7458661876892219e+09,"_runtime":1.4060394999999999,"_step":0}