{"_timestamp":1.7459383571858623e+09,"_runtime":3.2687936,"_wandb":{"runtime":3},"_step":0,"validation accuracy":0.9693877551020408}