{"_step":0,"_wandb":{"runtime":1},"val_accuracy":0.9795918367346939,"_timestamp":1.7458673845605793e+09,"_runtime":1.4010661}