{"_runtime":2.7997158,"_step":0,"val_accuracy":0.9693877551020408,"_timestamp":1.7458661353918912e+09,"_wandb":{"runtime":3}}