{"_wandb":{"runtime":1},"val_accuracy":0.9693877551020408,"_timestamp":1.7458665583999605e+09,"_runtime":1.6568163,"_step":0}