{"_runtime":2.2280972,"_wandb":{"runtime":2},"_step":0,"validation accuracy":0.9795918367346939,"_timestamp":1.7459388780913558e+09}