{"_timestamp":1.7459397380115087e+09,"_wandb":{"runtime":2},"_runtime":2.2553869,"_step":0,"validation accuracy":0.9693877551020408}